{
  "userroles": [ 
  {
   "roleName":"ClaimAdjuster",
   "roleCode": 1 
 },
 {
  "roleName":"Insured",
  "roleCode": 2
  },
 { 
 "roleName":"ClaimHandler", 
 "roleCode": 3
  }          
     ],
 
  "users": [ 
    { 
           "userName": "Jay", 
           "passWord":"jay123" , 
           "roleCode":1 
     },
     { 
        " userName ": "Vijay",
        " passWord ": "vijay123" ,
        " roleCode ":2
     },
     { 
        " userName ": "Sujay",
        " passWord ":"sujay123" ,
        " roleCode ":3
     }
  ]
 
}